week_date,home_team,away_team,chalk_pick,final_pick,is_differentiator,confidence,actual_result,field_chalk_pct
2026-09-04,Seattle Seahawks,New England Patriots,Seattle Seahawks,Seattle Seahawks,False,0.6296,,
2026-09-04,Los Angeles Rams,San Francisco 49ers,Los Angeles Rams,Los Angeles Rams,False,0.6442,,
2026-09-04,Pittsburgh Steelers,Atlanta Falcons,Pittsburgh Steelers,Pittsburgh Steelers,False,0.6164,,
2026-09-04,Indianapolis Colts,Baltimore Ravens,Baltimore Ravens,Baltimore Ravens,False,0.6145,,
2026-09-04,Houston Texans,Buffalo Bills,Buffalo Bills,Houston Texans,True,0.4946,,
2026-09-04,Carolina Panthers,Chicago Bears,Chicago Bears,Carolina Panthers,True,0.4176,,
2026-09-04,Cincinnati Bengals,Tampa Bay Buccaneers,Cincinnati Bengals,Cincinnati Bengals,False,0.6490,,
2026-09-04,Jacksonville Jaguars,Cleveland Browns,Jacksonville Jaguars,Jacksonville Jaguars,False,0.7678,,
2026-09-04,Detroit Lions,New Orleans Saints,Detroit Lions,Detroit Lions,False,0.7298,,
2026-09-04,Tennessee Titans,New York Jets,Tennessee Titans,New York Jets,True,0.4608,,
2026-09-04,Los Angeles Chargers,Arizona Cardinals,Los Angeles Chargers,Los Angeles Chargers,False,0.8152,,
2026-09-04,Minnesota Vikings,Green Bay Packers,Green Bay Packers,Green Bay Packers,False,0.5965,,
2026-09-04,Las Vegas Raiders,Miami Dolphins,Las Vegas Raiders,Las Vegas Raiders,False,0.6238,,
2026-09-04,Philadelphia Eagles,Washington Commanders,Philadelphia Eagles,Philadelphia Eagles,False,0.6685,,
2026-09-04,New York Giants,Dallas Cowboys,Dallas Cowboys,Dallas Cowboys,False,0.5880,,
